producto,categoria,descripcion,precio,descuento,disponible,popular,foto
Bicimoto JMD,Transporte,PRECIO EN USD\n50amp - Autonomia 100km\nMotor de 3000W,1750,0,Si,No,mrl26gwppap16h.jpg
Durag negro,Indumentaria,PRECIO EN CUP,2200,0,Si,Si,mrk82l8pgcue0g.jpg
Pasamontañas negro,Indumentaria,PRECIO EN CUP,1600,0,Si,Si,mrk813cykvsuyf.jpg
Relojes deportivos,Accesorios,PRECIO EN CUP,4600,0,Si,No,mrk7rzjfh8f6ru.jpg
Gorra de malla (negra completa),Indumentaria,,3600,0,Si,No,mrk7f28k35cq5i.jpg
Gorra de malla negra,Indumentaria,PRECIO EN CUP,2600,0,Si,No,mrk7e7p7ldskym.jpg
Gorra de malla roja,Indumentaria,PRECIO EN CUP,2600,0,Si,No,mrk7b8lu61ww5c.jpg
Bolso de mano (patrón),Indumentaria,PRECIO EN CUP\nCuero sintético con patrón estilizado,5900,0,Si,Si,mrk72tl3phyzrz.jpg
Bolso de mano (negro),Indumentaria,PRECIO EN CUP\nCuero sintético negro,5900,0,Si,Si,mrk6q7994he4wy.jpg
Aire Acondicionado MILEXUS,Electrodomésticos,"PRECIO EN USD • GARANTÍA 30 DÍAS\nSplit convencional de 1T, 220v",285,0,Si,No,mrk3k6131bs5rm.jpg
Cocina Infrarroja STELECTRIC,Electrodomésticos,PRECIO EN CUP\nCocina infrarroja de 2000W\nCon placa de vitrocerámica facil de limpiar,25000,0,Si,Si,mrk3z367t5g62b.jpg
Freidora de Aire MILEXUS,Electrodomésticos,PRECIO EN USD • GARANTÍA 15 DÍAS,95,0,Si,No,mrjxhnvmuaq8i4.jpg
Gafas de Paseo,Accesorios,PRECIO EN CUP,2200,0,Si,Si,mrk5rkiozrrmnw.jpg
Gafas Deportivas,Accesorios,PRECIO EN CUP,3000,0,Si,No,mrk6c8xpgzg0ho.jpg
Gorras abiertas,Indumentaria,"PRECIO EN CUP\nGorras abiertas de diferentes colores, por favor especifique el color que desea al enviar el pedido por WhatsApp",4500,0,Si,No,mrk5nyfl8byoiy.jpg
Guantes para Gym,Indumentaria,PRECIO EN CUP,3200,0,Si,Si,mrk5xng11uecjj.jpg
Horno Microondas ROYAL,Electrodomésticos,PRECIO EN USD • GARANTÍA 30 DÍAS\n6 niveles preprogramados de cocción\nSistema de seguridad para niños,130,0,Si,No,mrjxazb33w2vz2.jpg
Juego de Lencería rosa,Lencería,PRECIO EN CUP,3700,0,Si,No,mrk6lvxglcbew8.jpg
Lavadora Semiautomática MILEXUS,Electrodomésticos,PRECIO EN USD • GARANTÍA 30 DÍAS\nCapacidad 9kg\nLavadora/Centrífugadora,225,0,Si,Si,mrk3sieubp6jma.jpg
Licuadora EKO,Electrodomésticos,PRECIO EN CUP • GARANTÍA 7 DÍAS\nLicuadora con vaso de acrílico resistente\nCapacidad 1.5L,20500,0,Si,No,mrjwncdesyidhv.jpg
Licuadora MILEXUS,Electrodomésticos,PRECIO EN USD\nLicuadora con vaso de vidrio,45,0,Si,No,mrk32qrhr8tws1.jpg
Nevera MILEXUS 6,Electrodomésticos,PRECIO EN USD • GARANTÍA 30 DÍAS\nNevera de 6 pies,255,0,Si,No,mrk4twf4psl7yw.jpg
Olla arrocera EKO,Electrodomésticos,PRECIO EN CUP • GARANTÍA 30 DÍAS\nCapacidad de 1.8L,20500,0,Si,Si,mrk4ky7890fhr5.jpg
Olla de Presión 3 válvulas,Electrodomésticos,PRECIO EN CUP\nOlla de prsion de acero inoxidable con 3 válvulas,18500,0,Si,No,mrk28x0gs4a4ss.jpg
Olla Eléctrica Multipropósito GWELL,Electrodomésticos,PRECIO EN CUP • GARANTÍA 30 DÍAS\nOlla de presión eléctrica multipropósito\nCapacidad 5L,35000,0,Si,No,mrk4b6nymen09f.jpg
SmartTV Royal 43',Electrodomésticos,PRECIO EN USD • GARANTÍA 30 DÍAS\nSmartTV LED FHD\nBluetooth y Wi-Fi\nHDMI y entrada USB\nConexión a Internet,255,0,Si,No,mrk3esnieaua3v.jpg
Tangas,Lencería,PRECIO EN CUP\nLencería de colores variados,1200,0,Si,Si,mrk6js2x73l3xa.jpg
Ventilador de Pared EKO,Electrodomésticos,PRECIO EN CUP • GARANTÍA 7 DÍAS\nVentilador de pared de 16 pulgadas,23500,0,Si,No,mrk30i7yaarcoc.jpg
Ventilador Recargable EKO,Electrodomésticos,PRECIO EN USD\nCapacidad: 9000mAh\n3 velocidades\nDuracion: 8h a 45h según uso y velocidades\nConector USB\nLuz LED integrada\nPosibilidad de ponerle panel solar (no incluido),85,75,Si,Si,mrjvmwsdefc3lh.jpg